{"chunk_definitions":[{"chunk_id":"c9uvudcrt1z3u","expansion_state":0,"options":[],"row":15,"row_count":1,"visible":true},{"chunk_id":"c9rfqj179znsl","expansion_state":0,"options":[],"row":21,"row_count":1,"visible":true},{"chunk_id":"cakh7lkmgvggo","expansion_state":0,"options":[],"row":37,"row_count":1,"visible":true},{"chunk_id":"cm7xl7ign5pdm","expansion_state":0,"options":[],"row":48,"row_count":1,"visible":true},{"chunk_id":"cxh7hzria91jg","expansion_state":0,"options":[],"row":61,"row_count":1,"visible":true},{"chunk_id":"cqcierf1bfeo7","expansion_state":0,"options":[],"row":71,"row_count":1,"visible":true},{"chunk_id":"cyosc5h4l1v1e","expansion_state":0,"options":[],"row":81,"row_count":1,"visible":true}],"doc_write_time":1666194410.24692}
