{"chunk_definitions":[{"chunk_id":"cr2r3t1h8m690","expansion_state":0,"options":[],"row":30,"row_count":1,"visible":true},{"chunk_id":"c3v13nqxfuggp","expansion_state":0,"options":[],"row":38,"row_count":1,"visible":true},{"chunk_id":"cicmgwa4qlvx7","expansion_state":0,"options":[],"row":67,"row_count":1,"visible":true},{"chunk_id":"ch55ndyo77inq","expansion_state":0,"options":[],"row":134,"row_count":1,"visible":true},{"chunk_id":"cuyg0i33a5vib","expansion_state":0,"options":[],"row":142,"row_count":1,"visible":true},{"chunk_id":"c0u0x4q00lwy4","expansion_state":0,"options":[],"row":147,"row_count":1,"visible":true},{"chunk_id":"cws71sg5scf88","expansion_state":0,"options":[],"row":152,"row_count":1,"visible":true},{"chunk_id":"ck9ljdqzipwlj","expansion_state":0,"options":[],"row":157,"row_count":1,"visible":true},{"chunk_id":"cttgrl7836fhb","expansion_state":0,"options":[],"row":162,"row_count":1,"visible":true},{"chunk_id":"cngxhcw8ci5t1","expansion_state":0,"options":[],"row":168,"row_count":1,"visible":true},{"chunk_id":"cm0hp90lrebpe","expansion_state":0,"options":[],"row":173,"row_count":1,"visible":true},{"chunk_id":"cjrslsx50nlyt","expansion_state":0,"options":[],"row":224,"row_count":1,"visible":true}],"doc_write_time":1669254846.07293}
