{"chunk_definitions":[{"chunk_id":"cvwcna8n43a80","expansion_state":0,"options":[],"row":30,"row_count":1,"visible":true},{"chunk_id":"c3xf3rlibqqzj","expansion_state":0,"options":[],"row":38,"row_count":1,"visible":true},{"chunk_id":"c0e3jqwv2tb07","expansion_state":0,"options":[],"row":67,"row_count":1,"visible":true},{"chunk_id":"cpy6gaua2b6h0","expansion_state":0,"options":[],"row":134,"row_count":1,"visible":true},{"chunk_id":"cf2bqtfksn8ns","expansion_state":0,"options":[],"row":142,"row_count":1,"visible":true},{"chunk_id":"ccxqfog1znu83","expansion_state":0,"options":[],"row":147,"row_count":1,"visible":true},{"chunk_id":"cnb0qlf0n91fg","expansion_state":0,"options":[],"row":152,"row_count":1,"visible":true},{"chunk_id":"c1pj2cc89gwy5","expansion_state":0,"options":[],"row":157,"row_count":1,"visible":true},{"chunk_id":"ctb9wo7bgwz1s","expansion_state":0,"options":[],"row":162,"row_count":1,"visible":true},{"chunk_id":"cawgmptl500t1","expansion_state":0,"options":[],"row":168,"row_count":1,"visible":true},{"chunk_id":"cagoekcvfj1r3","expansion_state":0,"options":[],"row":173,"row_count":1,"visible":true},{"chunk_id":"cur1kzah6nfvn","expansion_state":0,"options":[],"row":224,"row_count":1,"visible":true}],"doc_write_time":1669254846.07293}
