{"chunk_definitions":[{"row":30,"row_count":1,"visible":true,"expansion_state":0,"options":[],"document_id":null,"chunk_id":"cvwcna8n43a80","chunk_label":"unnamed-chunk-1"},{"row":38,"row_count":1,"visible":true,"expansion_state":0,"options":[],"document_id":null,"chunk_id":"c3xf3rlibqqzj","chunk_label":"unnamed-chunk-2"},{"row":67,"row_count":1,"visible":true,"expansion_state":0,"options":[],"document_id":null,"chunk_id":"c0e3jqwv2tb07","chunk_label":"unnamed-chunk-3"},{"row":134,"row_count":1,"visible":true,"expansion_state":0,"options":[],"document_id":null,"chunk_id":"cpy6gaua2b6h0","chunk_label":"unnamed-chunk-4"},{"row":142,"row_count":1,"visible":true,"expansion_state":0,"options":[],"document_id":null,"chunk_id":"cf2bqtfksn8ns","chunk_label":"unnamed-chunk-5"},{"row":147,"row_count":1,"visible":true,"expansion_state":0,"options":[],"document_id":null,"chunk_id":"ccxqfog1znu83","chunk_label":"unnamed-chunk-6"},{"row":152,"row_count":1,"visible":true,"expansion_state":0,"options":[],"document_id":null,"chunk_id":"cnb0qlf0n91fg","chunk_label":"unnamed-chunk-7"},{"row":157,"row_count":1,"visible":true,"expansion_state":0,"options":[],"document_id":null,"chunk_id":"c1pj2cc89gwy5","chunk_label":"unnamed-chunk-8"},{"row":162,"row_count":1,"visible":true,"expansion_state":0,"options":[],"document_id":null,"chunk_id":"ctb9wo7bgwz1s","chunk_label":"unnamed-chunk-9"},{"row":168,"row_count":1,"visible":true,"expansion_state":0,"options":[],"document_id":null,"chunk_id":"cawgmptl500t1","chunk_label":"unnamed-chunk-10"},{"row":173,"row_count":1,"visible":true,"expansion_state":0,"options":[],"document_id":null,"chunk_id":"cagoekcvfj1r3","chunk_label":"unnamed-chunk-11"},{"row":224,"row_count":1,"visible":true,"expansion_state":0,"options":[],"document_id":null,"chunk_id":"cur1kzah6nfvn","chunk_label":"unnamed-chunk-12"}],"doc_write_time":1670372207}