{"chunk_definitions":[{"chunk_id":"coypfwlzyonln","expansion_state":0,"options":[],"row":21,"row_count":1,"visible":true},{"chunk_id":"c1fprthx7vkok","expansion_state":0,"options":[],"row":25,"row_count":1,"visible":true},{"chunk_id":"cmqu8nai4f3gz","expansion_state":0,"options":[],"row":30,"row_count":1,"visible":true},{"chunk_id":"cqc3017y4gh54","expansion_state":0,"options":[],"row":35,"row_count":1,"visible":true},{"chunk_id":"clczzrltnvoeg","expansion_state":0,"options":[],"row":40,"row_count":1,"visible":true},{"chunk_id":"cy0bv5v4259lu","expansion_state":0,"options":[],"row":45,"row_count":1,"visible":true},{"chunk_id":"c983farw4hqdh","expansion_state":0,"options":[],"row":50,"row_count":1,"visible":true},{"chunk_id":"csxt86wynimlq","expansion_state":0,"options":[],"row":60,"row_count":1,"visible":true},{"chunk_id":"c5s1ikvy4t9xi","expansion_state":0,"options":[],"row":69,"row_count":1,"visible":true},{"chunk_id":"cwc2mefotrono","expansion_state":0,"options":[],"row":88,"row_count":1,"visible":true},{"chunk_id":"cblsw76qg06gf","expansion_state":0,"options":[],"row":93,"row_count":1,"visible":true},{"chunk_id":"c653nzfs6cemk","expansion_state":0,"options":[],"row":100,"row_count":1,"visible":true},{"chunk_id":"clcdbdy24hcgg","expansion_state":0,"options":[],"row":106,"row_count":1,"visible":true},{"chunk_id":"cpu8nrp2n64l4","expansion_state":0,"options":[],"row":113,"row_count":1,"visible":true},{"chunk_id":"cuey1d3al5idg","expansion_state":0,"options":[],"row":120,"row_count":1,"visible":true},{"chunk_id":"c0o4wu42e5p2u","expansion_state":0,"options":[],"row":143,"row_count":1,"visible":true},{"chunk_id":"cxco2rk0bisja","expansion_state":0,"options":[],"row":157,"row_count":1,"visible":true},{"chunk_id":"crd0yxmlbans8","expansion_state":0,"options":[],"row":165,"row_count":1,"visible":true},{"chunk_id":"cmz65l3df1ytw","expansion_state":0,"options":[],"row":170,"row_count":1,"visible":true},{"chunk_id":"c0o6c4k3q9ru0","expansion_state":0,"options":[],"row":177,"row_count":1,"visible":true},{"chunk_id":"cpmbahhuf3z84","expansion_state":0,"options":[],"row":181,"row_count":1,"visible":true},{"chunk_id":"c5khqufvl919m","expansion_state":0,"options":[],"row":198,"row_count":1,"visible":true},{"chunk_id":"cp6gwd6trm8i3","expansion_state":0,"options":[],"row":202,"row_count":1,"visible":true},{"chunk_id":"c3jgzp7q0zio0","expansion_state":0,"options":[],"row":206,"row_count":1,"visible":true},{"chunk_id":"c7g3oe7efbkms","expansion_state":0,"options":[],"row":210,"row_count":1,"visible":true},{"chunk_id":"c8sfn63wvh3o8","expansion_state":0,"options":[],"row":217,"row_count":1,"visible":true},{"chunk_id":"c0yzaaf56bs5z","expansion_state":0,"options":[],"row":226,"row_count":1,"visible":true},{"chunk_id":"c4ryvo8dohi5q","expansion_state":0,"options":[],"row":251,"row_count":1,"visible":true},{"chunk_id":"cl9zzbrab4bjs","expansion_state":0,"options":[],"row":256,"row_count":1,"visible":true}],"doc_write_time":1666690868.32501}
