{"chunk_definitions":[{"chunk_id":"czx6vg18dxggz","expansion_state":0,"options":[],"row":21,"row_count":1,"visible":true},{"chunk_id":"cmj3eg0qh69e7","expansion_state":0,"options":[],"row":25,"row_count":1,"visible":true},{"chunk_id":"c393cw1lmlewh","expansion_state":0,"options":[],"row":30,"row_count":1,"visible":true},{"chunk_id":"co2s34s9x2y2b","expansion_state":0,"options":[],"row":35,"row_count":1,"visible":true},{"chunk_id":"cv1owvh09dl2m","expansion_state":0,"options":[],"row":40,"row_count":1,"visible":true},{"chunk_id":"cjy9x3bt0ogmw","expansion_state":0,"options":[],"row":45,"row_count":1,"visible":true},{"chunk_id":"cs1kfjkv9308o","expansion_state":0,"options":[],"row":50,"row_count":1,"visible":true},{"chunk_id":"c082z56n6qtvb","expansion_state":0,"options":[],"row":60,"row_count":1,"visible":true},{"chunk_id":"cswieqr5nqyef","expansion_state":0,"options":[],"row":69,"row_count":1,"visible":true},{"chunk_id":"cq5fq8j0jtp3w","expansion_state":0,"options":[],"row":88,"row_count":1,"visible":true},{"chunk_id":"ctjrpuv78gimt","expansion_state":0,"options":[],"row":93,"row_count":1,"visible":true},{"chunk_id":"cttgfperj29jd","expansion_state":0,"options":[],"row":100,"row_count":1,"visible":true},{"chunk_id":"cpbt2e3a9qv8j","expansion_state":0,"options":[],"row":106,"row_count":1,"visible":true},{"chunk_id":"c95ak4t46lecu","expansion_state":0,"options":[],"row":113,"row_count":1,"visible":true},{"chunk_id":"ctq6kkhg8ljaj","expansion_state":0,"options":[],"row":120,"row_count":1,"visible":true},{"chunk_id":"cgytpgjwdkjlp","expansion_state":0,"options":[],"row":143,"row_count":1,"visible":true},{"chunk_id":"c3kvf6dzwpx6a","expansion_state":0,"options":[],"row":157,"row_count":1,"visible":true},{"chunk_id":"cq240wb683q6a","expansion_state":0,"options":[],"row":165,"row_count":1,"visible":true},{"chunk_id":"cxtns4cuffgu6","expansion_state":0,"options":[],"row":170,"row_count":1,"visible":true},{"chunk_id":"cnqfsirncaq3l","expansion_state":0,"options":[],"row":177,"row_count":1,"visible":true},{"chunk_id":"cxtnn2em6650k","expansion_state":0,"options":[],"row":181,"row_count":1,"visible":true},{"chunk_id":"c29f47hayfp17","expansion_state":0,"options":[],"row":198,"row_count":1,"visible":true},{"chunk_id":"ctt7sh4bsm4by","expansion_state":0,"options":[],"row":202,"row_count":1,"visible":true},{"chunk_id":"c7hyaxu0xsumw","expansion_state":0,"options":[],"row":206,"row_count":1,"visible":true},{"chunk_id":"c8rf2vvy4o5jn","expansion_state":0,"options":[],"row":210,"row_count":1,"visible":true},{"chunk_id":"c8cek2ut2k7o9","expansion_state":0,"options":[],"row":217,"row_count":1,"visible":true},{"chunk_id":"cq45f543yqmkk","expansion_state":0,"options":[],"row":226,"row_count":1,"visible":true},{"chunk_id":"cf74gj9vz4512","expansion_state":0,"options":[],"row":251,"row_count":1,"visible":true},{"chunk_id":"cy0dhyg0akwvd","expansion_state":0,"options":[],"row":256,"row_count":1,"visible":true}],"doc_write_time":1666690868.32501}
