{"chunk_definitions":[{"chunk_id":"cb8xwrov8igqm","expansion_state":0,"options":[],"row":16,"row_count":1,"visible":true},{"chunk_id":"c2ra2c24k8nab","expansion_state":0,"options":[],"row":24,"row_count":1,"visible":true},{"chunk_id":"c9euy82p9yxe4","expansion_state":0,"options":[],"row":32,"row_count":1,"visible":true},{"chunk_id":"ctrhqu0iss794","expansion_state":0,"options":[],"row":40,"row_count":1,"visible":true},{"chunk_id":"c2m2qg96w8z6z","expansion_state":0,"options":[],"row":51,"row_count":1,"visible":true},{"chunk_id":"c0jg2kqgi2n4a","expansion_state":0,"options":[],"row":60,"row_count":1,"visible":true},{"chunk_id":"cbifhguxth3eu","expansion_state":0,"options":[],"row":108,"row_count":1,"visible":true}],"doc_write_time":1668991087.9386}
